ETF,因子,预测窗口,IC,IC均值,ICIR,样本数
能源化工ETF,原油20日涨跌幅,T+5,-0.04471002637832417,-0.15916298286947125,-0.6891497357574189,1473
能源化工ETF,原油20日涨跌幅,T+10,-0.030071197834440726,-0.17076404295589426,-0.5317285521021965,1468
能源化工ETF,原油20日涨跌幅,T+20,-0.007588337111207801,-0.2122668501832771,-0.5188277278433262,1458
